school_name,address,postal_code,nature_code,sap_ind,autonomous_ind,gifted_ind,P1_demand,P2A_demand,P2B_demand,P2C_demand,P2CS_demand,subject_count,distprog_count,cca_clubs,cca_others,cca_sports,cca_uniformed,cca_arts,affiliation_count,top_psle_score,school_score,school_tier,total_cca,lat,lon
NANYANG PRIMARY SCHOOL,52 KING'S ROAD   ,268097,CO-ED SCHOOL,1,0,1,0.54,1.21,2.29,1.84,0.0,15,2,8,2,8,4,8,1,1,4.199362251397992,Tier 1,30,1.32084749904532,103.807750155296
CATHOLIC HIGH SCHOOL,9 BISHAN STREET 22   ,579767,BOYS' SCHOOL,1,1,1,0.4,1.29,1.81,1.48,0.0,48,2,3,0,17,5,8,1,1,4.1489771549317584,Tier 1,33,1.35452517065756,103.844900804804
CHIJ ST. NICHOLAS GIRLS' SCHOOL,501 ANG MO KIO STREET 13   ,569405,GIRLS' SCHOOL,1,1,0,0.45,1.29,2.19,1.73,0.0,46,2,11,0,8,4,11,1,1,3.8718665730200623,Tier 1,34,1.37347687878916,103.834253269436
TAO NAN SCHOOL,49 MARINE CRESCENT   ,449761,CO-ED SCHOOL,1,0,1,0.54,1.02,2.7,1.81,0.0,15,2,4,0,8,4,6,0,0,3.0664951000877028,Tier 1,22,1.2943321052493,103.849026157822
NAN HUA PRIMARY SCHOOL,30 Jalan Lempeng   ,128806,CO-ED SCHOOL,1,0,1,0.62,1.49,1.86,4.4,0.0,15,2,8,0,6,2,4,0,0,2.960969849823806,Tier 1,20,1.31920159956387,103.761095065761
AI TONG SCHOOL,100 Bright Hill Drive   ,579646,CO-ED SCHOOL,1,0,0,0.53,1.19,2.67,1.98,0.0,14,2,4,0,6,2,5,0,1,2.9594398189727036,Tier 1,17,1.3605834338904,103.833020333986
ANGLO-CHINESE SCHOOL (PRIMARY),50 BARKER ROAD   ,309918,BOYS' SCHOOL,0,0,1,0.35,0.77,1.73,1.32,0.0,32,0,7,0,18,2,2,2,1,2.544131362846481,Tier 1,29,1.31837054523521,103.835609732354
MARIS STELLA HIGH SCHOOL,25 MOUNT VERNON ROAD   ,368051,BOYS' SCHOOL,1,1,0,0.36,0.8,1.48,1.65,0.0,52,2,12,1,14,4,6,1,0,2.5249124564293495,Tier 1,37,1.34138832211757,103.877823816158
ROSYTH SCHOOL,21 Serangoon North Avenue 4   ,555855,CO-ED SCHOOL,0,0,1,0.63,1.42,1.34,3.2,0.0,25,2,10,0,8,2,6,0,1,2.4576997309696877,Tier 1,26,1.37289067499064,103.875001549174
HOLY INNOCENTS' PRIMARY SCHOOL,5 Lorong Low Koon   ,536451,CO-ED SCHOOL,1,0,0,0.52,1.08,2.46,2.53,0.0,14,4,7,0,6,2,4,1,0,2.435741633158929,Tier 1,19,1.36693830877349,103.894114899795
PEI HWA PRESBYTERIAN PRIMARY SCHOOL,7 PEI WAH AVENUE   ,597610,CO-ED SCHOOL,1,0,0,0.64,1.93,1.78,1.91,0.0,13,2,5,0,5,2,7,0,0,2.0682766096302587,Tier 1,19,1.33805634613048,103.776106448614
HENRY PARK PRIMARY SCHOOL,1 HOLLAND GROVE ROAD   ,278790,CO-ED SCHOOL,0,0,1,0.52,0.99,1.18,1.6,0.0,24,2,5,0,10,3,5,0,1,1.9881311613286503,Tier 1,23,1.31667646178347,103.784296227747
METHODIST GIRLS' SCHOOL (PRIMARY),11 Blackmore Drive   ,599986,GIRLS' SCHOOL,0,0,0,0.43,0.99,2.51,1.54,0.0,28,2,4,2,9,2,6,1,1,1.9679244721140532,Tier 1,23,1.34947276268396,103.884971343143
MAHA BODHI SCHOOL,10 UBI AVENUE 1   ,408931,CO-ED SCHOOL,1,0,0,0.5,0.73,1.24,1.56,0.0,13,2,11,0,4,1,6,1,0,1.8360882286047877,Tier 1,22,1.32858023873554,103.901306904157
ST. HILDA'S PRIMARY SCHOOL,2 Tampines Ave 3   ,529706,CO-ED SCHOOL,0,0,1,0.6,1.21,1.72,3.3,0.0,30,2,6,1,7,2,5,1,0,1.826074547024392,Tier 1,21,1.34938565036336,103.937007133662
KONG HWA SCHOOL,350 GUILLEMARD ROAD   ,399772,CO-ED SCHOOL,1,0,0,0.5,0.7,2.0,1.81,0.0,14,2,6,0,6,2,5,0,0,1.810992173054404,Tier 1,19,1.31099674009193,103.888352029067
RED SWASTIKA SCHOOL,350 BEDOK NORTH AVENUE 3   ,469719,CO-ED SCHOOL,1,0,0,0.55,1.24,1.41,1.94,0.0,12,2,3,0,6,2,4,0,0,1.5541060698147735,Tier 1,15,1.33405659580859,103.934317528484
SINGAPORE CHINESE GIRLS' PRIMARY SCHOOL,190 DUNEARN ROAD   ,309437,GIRLS' SCHOOL,0,0,0,0.42,1.12,1.43,1.52,0.0,19,2,4,0,5,1,8,1,1,1.4868545805836877,Tier 1,18,1.32080725235992,103.827744749548
PEI CHUN PUBLIC SCHOOL,16 LORONG 7 TOA PAYOH   ,319320,CO-ED SCHOOL,1,0,0,0.5,1.0,1.28,1.63,0.0,14,2,6,3,5,2,3,0,0,1.4599097863957742,Tier 1,19,1.33737358725951,103.855585578061
RAFFLES GIRLS' PRIMARY SCHOOL,21 Hillcrest Road   ,289072,GIRLS' SCHOOL,0,0,1,0.32,0.4,0.68,1.28,0.0,32,2,5,0,6,2,5,0,1,1.402114374697952,Tier 1,18,1.3294042600012,103.806442915912
ANGLO-CHINESE SCHOOL (JUNIOR),16 WINSTEDT ROAD   ,227988,BOYS' SCHOOL,0,0,0,0.36,0.78,1.85,1.33,0.0,24,6,5,0,28,2,5,2,0,1.283691164907998,Tier 1,40,1.30935041274966,103.840950265464
POI CHING SCHOOL,21 TAMPINES STREET 71   ,529067,CO-ED SCHOOL,1,0,0,0.52,0.27,0.88,2.19,0.0,15,2,4,0,6,2,4,0,0,1.148851918414757,Tier 1,16,1.35765122315688,103.935246477199
HONG WEN SCHOOL,30 TOWNER ROAD   ,327829,CO-ED SCHOOL,1,0,0,0.54,0.5,0.83,1.98,0.0,24,2,6,0,6,0,5,0,0,1.0956387035882311,Tier 1,17,1.32175999964553,103.857628468881
NAN CHIAU PRIMARY SCHOOL,50 ANCHORVALE LINK   ,545080,CO-ED SCHOOL,0,0,0,0.54,0.38,2.42,3.07,0.0,24,4,6,2,8,2,4,0,0,0.936721067224094,Tier 2,22,1.39221149906592,103.891180928186
PRINCESS ELIZABETH PRIMARY SCHOOL,30 BUKIT BATOK WEST AVENUE 3   ,659163,CO-ED SCHOOL,0,0,0,0.66,2.27,0.84,5.75,0.0,27,2,3,1,4,3,6,0,0,0.9239188239545228,Tier 2,17,1.349203512653,103.74101964471
FAIRFIELD METHODIST SCHOOL (PRIMARY),100 DOVER ROAD   ,139648,CO-ED SCHOOL,0,0,0,0.55,1.05,1.8,1.8,0.0,32,2,4,0,5,3,4,1,0,0.8912157430307115,Tier 2,16,1.30100441916733,103.785455606827
SOUTH VIEW PRIMARY SCHOOL,6 Choa Chu Kang Central   ,689762,CO-ED SCHOOL,0,0,0,0.62,1.53,1.39,3.58,0.0,21,2,5,1,5,3,6,0,0,0.8887751538060628,Tier 2,20,1.38166664389749,103.746275846011
CHONGFU SCHOOL,170 YISHUN AVENUE 6   ,768959,CO-ED SCHOOL,0,0,0,0.56,0.91,1.94,2.75,0.0,24,2,5,0,6,3,5,0,0,0.8649486765736824,Tier 2,19,1.43839562897006,103.839309173817
CHIJ PRIMARY (TOA PAYOH),628 Lorong 1 Toa Payoh   ,319765,GIRLS' SCHOOL,0,0,0,0.38,0.85,1.93,1.49,0.0,26,4,4,0,14,1,6,1,0,0.8569149495918117,Tier 2,25,1.33275264711587,103.841847263786
ST. JOSEPH'S INSTITUTION JUNIOR,3 ESSEX ROAD   ,309331,BOYS' SCHOOL,0,0,0,0.34,0.49,1.91,1.27,0.0,26,2,3,0,6,1,3,2,0,0.7411806432790895,Tier 2,13,1.31781476118551,103.845633334522
RULANG PRIMARY SCHOOL,6 JURONG WEST STREET 52   ,649295,CO-ED SCHOOL,0,0,0,0.6,1.2,1.59,2.59,0.0,29,2,5,1,7,2,4,0,0,0.6555200810385525,Tier 2,19,1.34673868889096,103.718457955487
KUO CHUAN PRESBYTERIAN PRIMARY SCHOOL,8 BISHAN STREET 13   ,579793,CO-ED SCHOOL,0,0,0,0.57,0.72,1.33,1.48,0.0,29,2,3,2,11,2,5,1,0,0.5772883860778453,Tier 2,23,1.34978223750981,103.85452928785
NORTHLAND PRIMARY SCHOOL,15 YISHUN AVENUE 4   ,769026,CO-ED SCHOOL,0,0,0,0.58,0.94,1.07,3.76,0.0,31,2,5,0,7,2,6,0,0,0.5384116523853149,Tier 2,20,1.42096989918951,103.840928424929
ST. ANTHONY'S PRIMARY SCHOOL,30 Bukit Batok St 32   ,659401,CO-ED SCHOOL,0,0,0,0.46,0.45,0.91,1.43,0.0,30,2,5,2,5,2,4,2,0,0.515972164209939,Tier 2,18,1.3347253730189,103.941234868202
GONGSHANG PRIMARY SCHOOL,1 TAMPINES STREET 42   ,529176,CO-ED SCHOOL,0,0,0,0.62,2.65,0.85,2.47,0.0,27,2,5,0,5,1,2,0,0,0.4772066440836483,Tier 2,13,1.35711606790292,103.949144797277
ADMIRALTY PRIMARY SCHOOL,11 WOODLANDS CIRCLE   ,738907,CO-ED SCHOOL,0,0,0,0.59,0.59,1.22,1.84,0.0,24,2,5,0,5,2,6,0,0,0.3476563782424775,Tier 2,18,1.4426347903311,103.800040119743
MEE TOH SCHOOL,21 EDGEDALE PLAINS   ,828867,CO-ED SCHOOL,0,0,0,0.48,0.22,0.82,1.29,0.0,28,2,8,5,5,1,7,1,0,0.3144457573210057,Tier 2,26,1.3946184538592,103.908589494228
SHUQUN PRIMARY SCHOOL,8 JURONG WEST STREET 51   ,649332,CO-ED SCHOOL,0,0,0,0.57,1.32,0.68,1.65,0.0,22,2,4,1,5,4,3,0,0,0.2655868125931652,Tier 2,17,1.34765311431632,103.721523713379
SENGKANG GREEN PRIMARY SCHOOL,15 Fernvale Road   ,797636,CO-ED SCHOOL,0,0,0,0.53,1.22,0.83,2.09,0.0,24,2,4,0,4,1,7,0,0,0.2280385604612773,Tier 2,16,1.39284606680477,103.875217666486
BUKIT PANJANG PRIMARY SCHOOL,109 CASHEW ROAD   ,679676,CO-ED SCHOOL,0,0,0,0.57,0.85,0.88,1.65,0.0,25,2,5,1,7,2,5,0,0,0.2141804102673745,Tier 2,20,1.37362179302436,103.769374904025
TEMASEK PRIMARY SCHOOL,501 BEDOK SOUTH AVE 3   ,469300,CO-ED SCHOOL,0,0,0,0.61,1.71,0.51,2.26,0.0,27,2,5,0,5,2,3,0,0,0.212236632073299,Tier 2,15,1.31770677551333,103.945590669163
PAYA LEBAR METHODIST GIRLS' SCHOOL (PRIMARY),298 LORONG AH SOO   ,536741,GIRLS' SCHOOL,0,0,0,0.35,0.48,0.92,1.27,0.0,29,2,5,1,7,1,5,1,0,0.2064309156560771,Tier 2,19,1.34947276268396,103.884971343143
ANDERSON PRIMARY SCHOOL,19 ANG MO KIO AVE 9   ,569785,CO-ED SCHOOL,0,0,0,0.57,0.63,0.73,1.27,0.0,30,2,4,0,4,2,11,0,0,0.2019134552175123,Tier 2,21,1.38426429436736,103.841392081119
RADIN MAS PRIMARY SCHOOL,1 BUKIT PURMEI AVENUE   ,99840,CO-ED SCHOOL,0,0,0,0.55,0.88,0.95,1.74,0.0,29,2,4,2,5,3,3,0,0,0.1924155984414615,Tier 2,17,1.27495823622634,103.824188270373
XINMIN PRIMARY SCHOOL,9 HOUGANG AVENUE 8   ,538784,CO-ED SCHOOL,0,0,0,0.55,0.84,0.96,1.7,0.0,29,2,3,1,4,3,4,0,0,0.1724796954491986,Tier 2,15,1.37139548941931,103.883080767491
WELLINGTON PRIMARY SCHOOL,10 WELLINGTON CIRCLE   ,757702,CO-ED SCHOOL,0,0,0,0.6,1.08,0.59,2.18,0.0,29,2,5,0,5,1,7,0,0,0.1582344956946055,Tier 2,18,1.45192019155475,103.822303719094
FRONTIER PRIMARY SCHOOL,20 Jurong West Street 61   ,648200,CO-ED SCHOOL,0,0,0,0.54,1.21,0.84,1.71,0.0,24,2,3,1,5,2,4,0,0,0.1418735699339895,Tier 2,15,1.33641298743234,103.69970173931
PASIR RIS PRIMARY SCHOOL,5 PASIR RIS STREET 21   ,518968,CO-ED SCHOOL,0,0,0,0.69,1.0,1.01,1.68,0.0,30,2,4,1,13,0,3,0,0,0.1273778508548115,Tier 2,21,1.37241870245531,103.962807212116
YANGZHENG PRIMARY SCHOOL,15 SERANGOON AVENUE 3   ,556108,CO-ED SCHOOL,0,0,0,0.68,1.5,0.59,1.71,0.0,29,2,3,0,4,2,4,0,0,0.1182455365571706,Tier 2,13,1.34864575840923,103.868595527042
ST. ANDREW'S JUNIOR SCHOOL,2 FRANCIS THOMAS DRIVE   ,359337,BOYS' SCHOOL,0,0,0,0.3,0.5,0.83,1.3,0.0,29,0,4,0,6,2,2,1,0,0.0678759531418031,Tier 2,14,1.33140255308868,103.865117134385
HORIZON PRIMARY SCHOOL,61 Edgedale Plains   ,828819,CO-ED SCHOOL,0,0,0,0.55,1.14,0.7,1.73,0.0,29,2,6,1,7,1,2,0,0,0.0390406083985344,Tier 2,17,1.399550034492,103.913404855665
DE LA SALLE SCHOOL,11 Choa Chu Kang St 52   ,689285,CO-ED SCHOOL,0,0,0,0.47,0.15,0.22,0.81,1.39,29,2,6,0,5,2,3,2,0,0.0371308255666724,Tier 2,16,1.3947078296399,103.743201812831
YU NENG PRIMARY SCHOOL,56 BEDOK NORTH ST 3   ,469623,CO-ED SCHOOL,0,0,0,0.63,1.09,0.62,1.45,0.0,21,2,5,2,4,1,4,0,0,0.0142215889092479,Tier 2,16,1.33388930344069,103.932144857355
KEMING PRIMARY SCHOOL,90 BUKIT BATOK EAST AVENUE 6   ,659762,CO-ED SCHOOL,0,0,0,0.56,0.64,0.52,1.79,0.0,33,2,5,0,4,3,4,0,0,0.0113675862931372,Tier 2,16,1.34552849960874,103.756449399351
WESTWOOD PRIMARY SCHOOL,1 Jurong West Street 73   ,649188,CO-ED SCHOOL,0,0,0,0.54,1.1,0.49,1.53,0.0,29,2,4,0,4,2,5,0,0,-0.0017096340338608,Tier 3,15,1.34718456606375,103.70053420978
HOUGANG PRIMARY SCHOOL,1 HOUGANG ST 93   ,534238,CO-ED SCHOOL,0,0,0,0.59,0.28,0.47,1.35,0.0,29,2,7,0,6,1,8,0,0,-0.0299565035809823,Tier 3,22,1.37738245231461,103.880805274557
RIVER VALLEY PRIMARY SCHOOL,2 RIVER VALLEY GREEN   ,237993,CO-ED SCHOOL,0,0,0,0.52,0.59,0.57,1.18,0.0,29,2,4,2,7,3,4,0,0,-0.0429657888941299,Tier 3,20,1.29418347842837,103.836018941571
WOODLANDS PRIMARY SCHOOL,10 WOODLANDS DRIVE 50   ,738853,CO-ED SCHOOL,0,0,0,0.56,0.41,0.29,0.99,0.92,26,2,11,0,7,1,6,0,0,-0.0660015837004604,Tier 3,25,1.43658270720199,103.791791282236
ST. GABRIEL'S PRIMARY SCHOOL,220 Lorong Chuan   ,556742,BOYS' SCHOOL,0,0,0,0.33,0.29,0.71,0.82,1.86,29,2,6,0,11,1,2,1,0,-0.0821587692025275,Tier 3,20,1.34947192653862,103.862561037707
CHIJ OUR LADY OF THE NATIVITY,1257 UPPER SERANGOON ROAD   ,534793,GIRLS' SCHOOL,0,0,0,0.34,0.2,0.86,1.07,0.0,21,2,2,1,4,1,3,1,0,-0.1031922815545812,Tier 3,11,1.37330297140128,103.897575728303
NGEE ANN PRIMARY SCHOOL,344 MARINE TERRACE   ,449149,CO-ED SCHOOL,0,0,0,0.48,0.31,0.07,1.01,0.74,29,2,4,3,7,2,7,1,0,-0.1039254974050189,Tier 3,23,1.30552505910497,103.917463017497
HUAMIN PRIMARY SCHOOL,21 YISHUN AVENUE 11   ,768857,CO-ED SCHOOL,0,0,0,0.58,1.03,0.08,1.43,0.0,27,2,7,1,5,1,6,0,0,-0.109973250879992,Tier 3,20,1.42697284512936,103.844240226564
PUNGGOL GREEN PRIMARY SCHOOL,98 Punggol Walk   ,828772,CO-ED SCHOOL,0,0,0,0.62,1.28,0.15,2.0,0.0,29,2,4,1,3,1,5,0,0,-0.1335583531355111,Tier 3,14,1.40187220643293,103.898801330302
CHUA CHU KANG PRIMARY SCHOOL,20 CHOA CHU KANG AVENUE 2   ,689905,CO-ED SCHOOL,0,0,0,0.59,0.54,0.58,1.68,0.0,30,2,3,0,4,1,6,0,0,-0.1403178923439361,Tier 3,14,1.37775890093367,103.741832917421
TANJONG KATONG PRIMARY SCHOOL,10 Seraya Road   ,437259,CO-ED SCHOOL,0,0,0,0.57,0.82,0.47,1.36,0.0,29,2,4,0,5,1,5,0,0,-0.1483373036880658,Tier 3,15,1.30498489044822,103.899999965407
CHONGZHENG PRIMARY SCHOOL,1 TAMPINES STREET 21   ,529392,CO-ED SCHOOL,0,0,0,0.52,0.56,0.24,1.21,0.0,24,2,5,0,4,2,6,0,0,-0.1821549786483181,Tier 3,17,1.35070739237744,103.951399541868
RIVERSIDE PRIMARY SCHOOL,110 Woodlands Crescent   ,737803,CO-ED SCHOOL,0,0,0,0.61,1.26,0.18,1.45,0.0,29,2,4,0,6,1,4,0,0,-0.1832058765790595,Tier 3,15,1.44700426493785,103.801889031334
GEYLANG METHODIST SCHOOL (PRIMARY),4 Geylang East Central   ,389706,CO-ED SCHOOL,0,0,0,0.46,0.27,0.11,0.93,0.55,29,2,4,0,6,2,5,1,0,-0.1848019365453772,Tier 3,17,1.31759126757284,103.883845744916
CANBERRA PRIMARY SCHOOL,21 ADMIRALTY DRIVE   ,757714,CO-ED SCHOOL,0,0,0,0.51,0.2,0.46,1.18,0.0,25,2,6,1,9,2,3,0,0,-0.192074267689875,Tier 3,21,1.45125024371543,103.815858858929
NAVAL BASE PRIMARY SCHOOL,7 YISHUN AVE 4   ,769028,CO-ED SCHOOL,0,0,0,0.63,1.05,0.05,1.2,0.0,22,2,3,2,6,3,3,0,0,-0.2017177283403872,Tier 3,17,1.41630663159387,103.838794077233
ST. STEPHEN'S SCHOOL,20 SIGLAP VIEW   ,455789,BOYS' SCHOOL,0,0,0,0.21,0.13,0.31,0.38,0.7,34,2,4,0,6,1,2,2,0,-0.2141206390674017,Tier 3,13,1.31878997295135,103.917258129598
FENGSHAN PRIMARY SCHOOL,307 BEDOK NORTH ROAD   ,469680,CO-ED SCHOOL,0,0,0,0.56,0.79,0.04,1.13,0.62,23,2,2,1,5,4,5,0,0,-0.2156775192029501,Tier 3,17,1.32980598760785,103.931710293058
RIVERVALE PRIMARY SCHOOL,80 RIVERVALE DRIVE   ,545092,CO-ED SCHOOL,0,0,0,0.62,0.35,0.42,1.47,0.0,29,2,5,0,7,1,4,0,0,-0.226469596415088,Tier 3,17,1.39340997767762,103.904559511997
VALOUR PRIMARY SCHOOL,49 Punggol Central   ,828728,CO-ED SCHOOL,0,0,0,0.57,0.82,0.06,1.32,0.0,29,2,3,0,5,3,4,0,0,-0.2468635907129761,Tier 3,15,1.40683570215319,103.899078139493
WOODGROVE PRIMARY SCHOOL,2 WOODLANDS DRIVE 14   ,738079,CO-ED SCHOOL,0,0,0,0.56,0.3,0.19,1.0,0.53,29,2,5,0,5,2,7,0,0,-0.2549813978378054,Tier 3,19,1.43273620725049,103.79023031392
CHIJ (KELLOCK),1 Bukit Teresa Road   ,99757,GIRLS' SCHOOL,0,0,0,0.33,0.14,0.24,0.46,0.5,30,0,8,0,6,1,3,1,0,-0.2563494290848099,Tier 3,18,1.275022722964,103.828157564896
QIFA PRIMARY SCHOOL,50 WEST COAST AVENUE   ,128104,CO-ED SCHOOL,0,0,0,0.48,0.4,0.43,1.18,0.0,29,2,3,0,5,2,5,0,0,-0.2621155547606775,Tier 3,15,1.3132658326807,103.756629101811
PUNGGOL PRIMARY SCHOOL,61 HOUGANG AVENUE 8   ,538787,CO-ED SCHOOL,0,0,0,0.62,0.61,0.09,1.34,0.0,38,2,5,0,3,2,5,0,0,-0.273223406983154,Tier 3,15,1.37820062547641,103.894667159512
CHIJ (KATONG) PRIMARY,17 MARTIA ROAD   ,424821,GIRLS' SCHOOL,0,0,0,0.3,0.32,0.39,0.53,0.86,27,2,4,0,8,1,3,1,0,-0.2777405698743329,Tier 3,16,1.30648535277087,103.911105620496
CANOSSA CATHOLIC PRIMARY SCHOOL,1 Sallim Road   ,387621,CO-ED SCHOOL,0,0,0,0.67,0.25,0.6,0.76,1.32,22,2,2,0,4,2,5,0,0,-0.2853431020021552,Tier 3,13,1.32664424544839,103.882227964852
ALEXANDRA PRIMARY SCHOOL,2A Prince Charles Crescent   ,159016,CO-ED SCHOOL,0,0,0,0.48,0.53,0.13,1.21,0.0,22,2,6,0,7,1,5,0,0,-0.2923037362340736,Tier 3,19,1.29133439161334,103.824424680531
COMPASSVALE PRIMARY SCHOOL,21 COMPASSVALE ST   ,545091,CO-ED SCHOOL,0,0,0,0.57,0.19,0.42,1.28,0.0,25,2,4,0,5,1,5,0,0,-0.3085735168360903,Tier 3,15,1.39444529636566,103.897812229905
NORTH VIEW PRIMARY SCHOOL,210 YISHUN AVENUE 6   ,768960,CO-ED SCHOOL,0,0,0,0.54,0.72,0.01,1.25,0.74,32,2,3,0,4,3,5,0,0,-0.3187354791535638,Tier 3,15,1.42752327193727,103.848190787869
WEST SPRING PRIMARY SCHOOL,60 Bukit Panjang Ring Road   ,679946,CO-ED SCHOOL,0,0,0,0.61,1.01,0.03,1.15,0.22,29,2,5,0,6,1,3,0,0,-0.3406058254360518,Tier 3,15,1.38944145898943,103.766195711835
FUHUA PRIMARY SCHOOL,65 JURONG EAST STREET 13   ,609647,CO-ED SCHOOL,0,0,0,0.42,0.29,0.01,0.38,0.39,24,2,6,3,6,3,5,0,0,-0.3655276755864499,Tier 3,23,1.33659726465816,103.736089481883
TELOK KURAU PRIMARY SCHOOL,50 BEDOK RESERVOIR RD   ,479239,CO-ED SCHOOL,0,0,0,0.44,0.32,0.02,0.53,0.67,25,2,6,0,4,3,5,0,0,-0.3694626829756212,Tier 3,18,1.33104585441349,103.910934011337
CHIJ OUR LADY OF GOOD COUNSEL,2C Burghley Drive   ,558979,GIRLS' SCHOOL,0,0,0,0.36,0.24,0.37,0.48,0.94,26,2,3,0,4,1,3,1,0,-0.3711947103312876,Tier 3,11,1.35742952269615,103.864009397373
OASIS PRIMARY SCHOOL,71 Edgefield Plains   ,828716,CO-ED SCHOOL,0,0,0,0.64,0.85,0.03,0.94,0.38,24,2,4,0,7,1,4,0,0,-0.3714180007147769,Tier 3,16,1.40462413200793,103.911120600638
SEMBAWANG PRIMARY SCHOOL,10 SEMBAWANG DRIVE   ,757715,CO-ED SCHOOL,0,0,0,0.59,0.65,0.02,1.2,1.12,27,2,4,1,6,1,6,0,0,-0.3872655136883973,Tier 3,18,1.44504676205659,103.82102212387
CHIJ OUR LADY QUEEN OF PEACE,4 Chestnut Drive   ,679287,GIRLS' SCHOOL,0,0,0,0.33,0.11,0.26,0.6,0.88,29,2,3,0,3,1,5,1,0,-0.3891956652077534,Tier 3,12,1.36646014136363,103.768739256709
WATERWAY PRIMARY SCHOOL,70 Punggol Drive   ,828802,CO-ED SCHOOL,0,0,0,0.56,0.77,0.02,1.07,0.17,24,2,6,0,4,1,3,0,0,-0.3916830787571767,Tier 3,14,1.39882800626578,103.918621581556
ANGSANA PRIMARY SCHOOL,51 Tampines Street 61   ,528565,CO-ED SCHOOL,0,0,0,0.47,0.76,0.03,1.59,0.71,30,2,3,1,5,2,4,0,0,-0.3918541192624089,Tier 3,15,1.36360590588314,103.9389409004
GREENRIDGE PRIMARY SCHOOL,11 JELAPANG ROAD   ,677744,CO-ED SCHOOL,0,0,0,0.54,0.23,0.02,0.28,0.17,23,2,5,1,7,3,4,0,0,-0.3976861286595113,Tier 3,20,1.3858892193692,103.767794469258
NORTH VISTA PRIMARY SCHOOL,20 Compassvale Link   ,544974,CO-ED SCHOOL,0,0,0,0.39,0.34,0.01,0.36,0.57,30,2,6,3,5,3,5,0,0,-0.3978177320343305,Tier 3,22,1.38282243016299,103.895961877928
JING SHAN PRIMARY SCHOOL,5 ANG MO KIO ST 52   ,569228,CO-ED SCHOOL,0,0,0,0.58,1.13,0.02,0.99,0.62,22,2,4,0,4,1,3,0,0,-0.4017460427995075,Tier 3,12,1.37223290983498,103.852132214306
ZHENGHUA PRIMARY SCHOOL,9 Fajar Road   ,679002,CO-ED SCHOOL,0,0,0,0.52,0.8,0.02,0.73,1.34,25,2,3,0,4,2,6,0,0,-0.4028025042180556,Tier 3,15,1.37954887512229,103.769313521752
ELIAS PARK PRIMARY SCHOOL,11 PASIR RIS STREET 52   ,518866,CO-ED SCHOOL,0,0,0,0.73,0.72,0.05,1.58,0.0,31,2,3,0,4,1,3,0,0,-0.410685412548221,Tier 3,11,1.37505696315817,103.945289416873
WEST GROVE PRIMARY SCHOOL,1 JURONG WEST ST 72   ,649223,CO-ED SCHOOL,0,0,0,0.43,0.11,0.06,0.42,0.62,30,2,5,0,4,4,4,0,0,-0.4155163511128243,Tier 3,17,1.3448790560014,103.699286360581
ST. MARGARET'S SCHOOL (PRIMARY),136 Sophia Road   ,228197,GIRLS' SCHOOL,0,0,0,0.26,0.29,0.36,0.93,0.35,26,2,4,0,5,2,4,0,0,-0.4166618074707223,Tier 3,15,1.30390355715254,103.845955315605
QUEENSTOWN PRIMARY SCHOOL,310 MARGARET DR   ,149303,CO-ED SCHOOL,0,0,0,0.5,0.25,0.01,1.0,1.31,30,2,6,0,5,2,5,0,0,-0.4343922224423087,Tier 3,18,1.29559365009015,103.807548617332
HAIG GIRLS' SCHOOL,51 Koon Seng Road   ,427072,GIRLS' SCHOOL,0,0,0,0.34,0.25,0.29,0.88,1.29,29,2,3,0,5,2,6,0,0,-0.4459124770688257,Tier 3,16,1.31194344271383,103.902902557195
WHITE SANDS PRIMARY SCHOOL,2 PASIR RIS ST 11   ,519075,CO-ED SCHOOL,0,0,0,0.57,0.33,0.19,1.01,0.85,24,2,4,0,4,1,5,0,0,-0.447119227333938,Tier 3,14,1.36555714668553,103.960918869319
CASUARINA PRIMARY SCHOOL,30 PASIR RIS ST 41   ,518935,CO-ED SCHOOL,0,0,0,0.61,0.54,0.01,0.57,0.73,23,2,3,0,5,2,5,0,0,-0.4473205914723493,Tier 3,15,1.37246063927999,103.957020286115
FERN GREEN PRIMARY SCHOOL,70 Fernvale Link,797538,CO-ED SCHOOL,0,0,0,0.62,0.6,0.04,0.89,0.64,33,2,4,0,5,1,5,0,0,-0.4500420458073005,Tier 3,15,1.39726966050479,103.880330305684
MAYFLOWER PRIMARY SCHOOL,200 Ang Mo Kio Avenue 5   ,569878,CO-ED SCHOOL,0,0,0,0.39,0.31,0.0,0.27,0.58,23,2,3,1,4,3,7,0,0,-0.4517781141107782,Tier 3,18,1.37637683547682,103.843252803742
JURONG WEST PRIMARY SCHOOL,30 JURONG WEST ST 61   ,648368,CO-ED SCHOOL,0,0,0,0.59,0.92,0.07,1.07,0.74,24,2,2,1,5,1,4,0,0,-0.4534638369009252,Tier 3,13,1.33917519796104,103.698803732244
SPRINGDALE PRIMARY SCHOOL,71 Anchorvale Link   ,544799,CO-ED SCHOOL,0,0,0,0.56,0.65,0.01,0.76,1.72,29,2,7,4,6,1,3,0,0,-0.4679014743113252,Tier 3,21,1.39467010299293,103.889926221247
INNOVA PRIMARY SCHOOL,80 Woodlands Drive 17   ,737888,CO-ED SCHOOL,0,0,0,0.54,0.15,0.28,0.72,0.19,32,2,3,0,4,2,4,0,0,-0.4692680938560963,Tier 3,13,1.42896700684852,103.790607539185
JUNYUAN PRIMARY SCHOOL,2 Tampines Street 91   ,528906,CO-ED SCHOOL,0,0,0,0.5,0.81,0.0,0.89,1.24,24,2,5,1,4,1,4,0,0,-0.4724020938732031,Tier 3,15,1.34787074766746,103.939221709073
XISHAN PRIMARY SCHOOL,8 YISHUN STREET 21   ,768611,CO-ED SCHOOL,0,0,0,0.48,0.23,0.02,0.51,1.56,22,2,4,0,5,2,7,0,0,-0.4798431628713884,Tier 3,18,1.43347186925064,103.837755319448
TECK GHEE PRIMARY SCHOOL,1 ANG MO KIO STREET 32   ,569299,CO-ED SCHOOL,0,0,0,0.51,0.23,0.1,0.73,1.08,24,2,4,0,4,2,5,0,0,-0.4833502917563245,Tier 3,15,1.36558782075966,103.850957126982
ST. ANTHONY'S CANOSSIAN PRIMARY SCHOOL,1602 BEDOK NORTH AVE 4   ,469701,GIRLS' SCHOOL,0,0,0,0.2,0.09,0.15,0.22,0.33,30,2,2,0,11,1,4,1,0,-0.4868799017085924,Tier 3,18,1.3347253730189,103.941234868202
QIHUA PRIMARY SCHOOL,5 WOODLANDS STREET 81   ,738525,CO-ED SCHOOL,0,0,0,0.41,0.24,0.04,0.37,0.09,23,2,5,0,4,2,5,0,0,-0.4918250676527405,Tier 3,16,1.44203596557592,103.788339762066
TAMPINES PRIMARY SCHOOL,250 TAMPINES STREET 12   ,529426,CO-ED SCHOOL,0,0,0,0.48,0.6,0.03,0.88,2.21,32,2,3,0,4,2,6,0,0,-0.4938397460658197,Tier 3,15,1.3504863946694,103.943573098509
PUNGGOL VIEW PRIMARY SCHOOL,9 Punggol Place   ,828845,CO-ED SCHOOL,0,0,0,0.55,0.76,0.01,0.67,1.29,29,2,5,0,5,1,3,0,0,-0.5230921674618093,Tier 4,14,1.40514582647962,103.905156371376
XINGNAN PRIMARY SCHOOL,5 JURONG WEST STREET 91   ,649036,CO-ED SCHOOL,0,0,0,0.43,0.23,0.01,0.39,0.25,30,2,6,1,4,1,6,0,0,-0.5278753516754421,Tier 4,18,1.34254744877694,103.687950252103
WOODLANDS RING PRIMARY SCHOOL,11 WOODLANDS RING ROAD   ,738240,CO-ED SCHOOL,0,0,0,0.54,0.25,0.01,0.51,0.26,21,2,4,1,4,1,6,0,0,-0.5321380124215703,Tier 4,16,1.43495229315857,103.797435733144
KHENG CHENG SCHOOL,15 LORONG 3 TOA PAYOH   ,319580,CO-ED SCHOOL,0,0,0,0.39,0.21,0.04,0.89,1.21,27,2,4,0,3,3,3,0,0,-0.5535727663691726,Tier 4,13,1.3373381935639,103.847148501824
GREENWOOD PRIMARY SCHOOL,11 WOODLANDS  DR  62   ,737942,CO-ED SCHOOL,0,0,0,0.58,0.16,0.03,0.71,0.95,30,2,4,0,4,1,6,0,0,-0.5615470572140139,Tier 4,15,1.43989958331782,103.804725587384
MARSILING PRIMARY SCHOOL,31 WOODLANDS CENTRE ROAD   ,738927,CO-ED SCHOOL,0,0,0,0.44,0.18,0.0,0.71,0.25,29,2,4,0,5,2,4,0,0,-0.5659204589408673,Tier 4,15,1.43383904037059,103.773643013846
GREENDALE PRIMARY SCHOOL,50 Edgedale Plains   ,828848,CO-ED SCHOOL,0,0,0,0.4,0.22,0.0,0.18,0.3,29,2,4,1,6,3,3,0,0,-0.5664895678960394,Tier 4,17,1.39648195114256,103.91233462071
CORPORATION PRIMARY SCHOOL,31 JURONG WEST STREET 24   ,648347,CO-ED SCHOOL,0,0,0,0.47,0.15,0.02,0.27,0.27,29,2,4,1,4,2,5,0,0,-0.5698324160010951,Tier 4,16,1.35099779872539,103.707593724342
ANG MO KIO PRIMARY SCHOOL,20 ANG MO KIO AVENUE 3   ,569920,CO-ED SCHOOL,0,0,0,0.38,0.31,0.0,0.34,0.25,29,2,4,1,6,2,4,0,0,-0.5795135543069994,Tier 4,17,1.36932176584608,103.839630858752
NORTH SPRING PRIMARY SCHOOL,1 RIVERVALE STREET   ,545088,CO-ED SCHOOL,0,0,0,0.38,0.12,0.0,0.3,0.4,25,2,4,0,3,2,6,0,0,-0.5813069690430767,Tier 4,15,1.38706146494859,103.903202683028
UNITY PRIMARY SCHOOL,21 CHOA CHU KANG CRESCENT   ,688268,CO-ED SCHOOL,0,0,0,0.44,0.14,0.0,0.43,0.08,22,2,5,0,5,1,5,0,0,-0.5832766629985572,Tier 4,16,1.40285481877246,103.746822625758
MONTFORT JUNIOR SCHOOL,52 HOUGANG AVENUE 8   ,538786,BOYS' SCHOOL,0,0,0,0.27,0.1,0.2,0.2,0.48,25,2,2,0,4,1,2,1,0,-0.584540071134304,Tier 4,9,1.37382444075979,103.889307782925
ENDEAVOUR PRIMARY SCHOOL,10 Admiralty Link   ,757521,CO-ED SCHOOL,0,0,0,0.38,0.05,0.02,0.35,0.57,30,2,3,1,8,2,6,0,0,-0.5863208774654083,Tier 4,20,1.45403837499301,103.817436231731
CLEMENTI PRIMARY SCHOOL,8 CLEMENTI AVE 3   ,129903,CO-ED SCHOOL,0,0,0,0.31,0.09,0.0,0.35,0.87,37,2,7,2,6,1,6,0,0,-0.5880534928043836,Tier 4,22,1.31506321827875,103.763144493687
PEIYING PRIMARY SCHOOL,651 YISHUN RING ROAD   ,768687,CO-ED SCHOOL,0,0,0,0.51,0.3,0.0,0.45,1.44,29,2,4,0,5,2,4,0,0,-0.5900220833106519,Tier 4,15,1.41741627551251,103.830143209875
YISHUN PRIMARY SCHOOL,500 YISHUN RING ROAD   ,768679,CO-ED SCHOOL,0,0,0,0.43,0.35,0.01,0.38,0.9,21,2,5,1,3,1,5,0,0,-0.5927370334229378,Tier 4,15,1.43338602975674,103.834087115915
JIEMIN PRIMARY SCHOOL,2 YISHUN STREET 71   ,768515,CO-ED SCHOOL,0,0,0,0.51,0.27,0.01,0.49,0.67,22,2,3,0,4,1,6,0,0,-0.595871741236935,Tier 4,14,1.42768847665227,103.830425490093
LAKESIDE PRIMARY SCHOOL,161 Corporation Walk   ,618310,CO-ED SCHOOL,0,0,0,0.49,0.31,0.02,0.89,1.45,29,2,5,0,4,1,4,0,0,-0.5982404117440744,Tier 4,14,1.33820397704287,103.718089546664
FARRER PARK PRIMARY SCHOOL,2 FARRER PARK ROAD   ,217567,CO-ED SCHOOL,0,0,0,0.33,0.18,0.01,0.26,0.45,30,2,5,0,6,2,4,0,0,-0.6002188243817852,Tier 4,17,1.31236867681371,103.850766402965
YEW TEE PRIMARY SCHOOL,10 CHOA CHU KANG ST 64   ,689100,CO-ED SCHOOL,0,0,0,0.43,0.08,0.03,0.46,0.36,27,2,7,0,5,1,3,0,0,-0.6047915436464429,Tier 4,16,1.39676600905037,103.750985967346
BUKIT TIMAH PRIMARY SCHOOL,111 Lorong Kismis   ,598112,CO-ED SCHOOL,0,0,0,0.43,0.1,0.02,0.66,1.33,24,2,3,3,6,2,5,0,0,-0.6059357328155265,Tier 4,19,1.3377498622588,103.766855344779
PARK VIEW PRIMARY SCHOOL,60 PASIR RIS DRIVE 1   ,519524,CO-ED SCHOOL,0,0,0,0.52,0.17,0.02,0.49,0.72,30,2,6,4,6,1,3,0,0,-0.6066023491603056,Tier 4,20,1.37738069854249,103.939541695654
OPERA ESTATE PRIMARY SCHOOL,48 FIDELIO STREET   ,458436,CO-ED SCHOOL,0,0,0,0.54,0.25,0.02,0.73,0.98,25,2,3,1,4,2,3,0,0,-0.6135172804776201,Tier 4,13,1.31931914436255,103.923788259248
WEST VIEW PRIMARY SCHOOL,31 SENJA ROAD   ,677742,CO-ED SCHOOL,0,0,0,0.51,0.66,0.02,0.5,0.62,24,2,2,0,4,1,4,0,0,-0.6170457333608145,Tier 4,11,1.3836758200336,103.760240434318
FERNVALE PRIMARY SCHOOL,1 Fernvale Lane   ,797701,CO-ED SCHOOL,0,0,0,0.45,0.27,0.02,0.58,1.02,29,2,4,0,4,1,5,0,0,-0.6318099357293128,Tier 4,14,1.39030227963797,103.874445458032
YIO CHU KANG PRIMARY SCHOOL,1 HOUGANG STREET 51   ,538720,CO-ED SCHOOL,0,0,0,0.43,0.09,0.0,0.21,0.85,29,2,2,1,4,2,7,0,0,-0.6362793512374535,Tier 4,16,1.37793264345276,103.885643682171
GAN ENG SENG PRIMARY SCHOOL,100 REDHILL CLOSE   ,158901,CO-ED SCHOOL,0,0,0,0.37,0.08,0.0,0.2,0.19,29,4,3,0,5,3,3,0,0,-0.6366282839504737,Tier 4,14,1.28559516494962,103.815547410064
PUNGGOL COVE PRIMARY SCHOOL,52 Sumang Walk   ,828674,CO-ED SCHOOL,0,0,0,0.5,0.49,0.02,0.52,0.82,24,2,3,1,6,1,3,0,0,-0.641987160928816,Tier 4,14,1.41159923273069,103.898803921164
NORTHSHORE PRIMARY SCHOOL,30 Northshore Drive   ,828671,CO-ED SCHOOL,0,0,0,0.37,0.42,0.02,0.87,0.33,18,2,3,0,5,1,3,0,0,-0.6430357622696947,Tier 4,12,1.41813803336667,103.904416909742
PEI TONG PRIMARY SCHOOL,15 CLEMENTI AVENUE 5   ,129857,CO-ED SCHOOL,0,0,0,0.27,0.19,0.0,0.15,0.42,29,2,4,0,4,3,3,0,0,-0.6434621144094366,Tier 4,14,1.31619786415976,103.767599818844
EVERGREEN PRIMARY SCHOOL,31 WOODLANDS CIRCLE   ,738908,CO-ED SCHOOL,0,0,0,0.55,0.23,0.01,0.65,0.84,32,2,3,1,4,1,5,0,0,-0.6441037627234616,Tier 4,14,1.44415332824735,103.794577787757
YUHUA PRIMARY SCHOOL,158 JURONG EAST STREET 24   ,609558,CO-ED SCHOOL,0,0,0,0.29,0.11,0.01,0.14,0.17,23,2,4,0,7,1,6,0,0,-0.6456628936808573,Tier 4,18,1.34280230475033,103.741105772644
FUCHUN PRIMARY SCHOOL,23 WOODLANDS AVENUE 1   ,739063,CO-ED SCHOOL,0,0,0,0.45,0.26,0.01,0.42,0.1,29,2,4,0,4,1,4,0,0,-0.6518410822417197,Tier 4,13,1.43047990810126,103.778192944298
DAMAI PRIMARY SCHOOL,52 BEDOK RESERVOIR CRESCENT   ,479226,CO-ED SCHOOL,0,0,0,0.39,0.16,0.01,0.23,0.27,31,2,4,0,3,2,4,0,0,-0.6529379433400224,Tier 4,13,1.33546106800406,103.921270169613
BOON LAY GARDEN PRIMARY SCHOOL,20 BOON LAY DRIVE   ,649930,CO-ED SCHOOL,0,0,0,0.32,0.1,0.0,0.22,0.21,30,2,4,0,6,2,4,0,0,-0.6570071513247492,Tier 4,16,1.34317853793318,103.713280889452
ZHANGDE PRIMARY SCHOOL,51 Jalan Membina   ,169485,CO-ED SCHOOL,0,0,0,0.58,0.33,0.02,0.97,1.57,29,2,1,0,8,2,2,0,0,-0.6635365464152997,Tier 4,13,1.28421153335379,103.825951875662
TAMPINES NORTH PRIMARY SCHOOL,30 TAMPINES AVENUE 9   ,529565,CO-ED SCHOOL,0,0,0,0.43,0.14,0.0,0.31,1.06,20,2,2,0,5,2,5,0,0,-0.6660078313429865,Tier 4,14,1.36047641484682,103.948725782833
CEDAR PRIMARY SCHOOL,15 CEDAR AVENUE   ,349700,CO-ED SCHOOL,0,0,0,0.25,0.23,0.01,0.3,0.57,32,2,6,0,5,2,2,0,0,-0.66649314630245,Tier 4,15,1.3355885014312,103.87562104944
BUKIT VIEW PRIMARY SCHOOL,18 BUKIT BATOK STREET 21   ,659634,CO-ED SCHOOL,0,0,0,0.27,0.07,0.0,0.23,0.8,23,2,5,3,5,1,6,0,0,-0.6666926493733335,Tier 4,20,1.34586054788695,103.75366641455
TOWNSVILLE PRIMARY SCHOOL,3 ANG MO KIO AVE 10   ,569730,CO-ED SCHOOL,0,0,0,0.33,0.16,0.03,0.2,0.16,25,2,3,0,4,2,4,0,0,-0.6743661574949659,Tier 4,13,1.36003263746623,103.853826048327
BEDOK GREEN PRIMARY SCHOOL,1 BEDOK SOUTH AVE 2   ,469317,CO-ED SCHOOL,0,0,0,0.36,0.11,0.0,0.2,0.4,31,2,2,0,4,2,6,0,0,-0.6776056724011763,Tier 4,14,1.32344593287992,103.937878976352
ANCHOR GREEN PRIMARY SCHOOL,31 Anchorvale Drive   ,544969,CO-ED SCHOOL,0,0,0,0.39,0.29,0.0,0.2,0.67,30,2,4,0,4,1,5,0,0,-0.6781948239573499,Tier 4,14,1.39036998654612,103.887165375933
BEACON PRIMARY SCHOOL,36 Bukit Panjang Ring Road   ,679944,CO-ED SCHOOL,0,0,0,0.51,0.08,0.0,0.33,0.2,29,2,4,1,5,1,4,0,0,-0.6789975085834739,Tier 4,15,1.38394936211823,103.773632022975
SENG KANG PRIMARY SCHOOL,21 COMPASSVALE WALK   ,545166,CO-ED SCHOOL,0,0,0,0.37,0.11,0.0,0.14,0.33,23,2,4,0,5,2,3,0,0,-0.6821496520986013,Tier 4,14,1.38949740422462,103.899767112047
FIRST TOA PAYOH PRIMARY SCHOOL,7 LORONG 8 TOA PAYOH   ,319252,CO-ED SCHOOL,0,0,0,0.22,0.11,0.0,0.08,0.14,29,2,3,2,2,4,2,0,0,-0.6874798634538971,Tier 4,13,1.34032299499938,103.855529906182
LIANHUA PRIMARY SCHOOL,2 BUKIT BATOK STREET 52   ,659243,CO-ED SCHOOL,0,0,0,0.22,0.08,0.0,0.13,0.27,27,2,4,1,4,1,7,0,0,-0.6887985466893195,Tier 4,17,1.35424191127295,103.754165828711
XINGHUA PRIMARY SCHOOL,45 HOUGANG AVENUE 1   ,538882,CO-ED SCHOOL,0,0,0,0.21,0.07,0.0,0.19,0.32,25,2,4,1,6,2,4,0,0,-0.6942427901075814,Tier 4,17,1.35790893589535,103.890472887906
JURONG PRIMARY SCHOOL,320 JURONG EAST Street 32   ,609476,CO-ED SCHOOL,0,0,0,0.47,0.31,0.0,0.5,0.97,30,2,3,0,5,1,4,0,0,-0.6964922530147859,Tier 4,13,1.34843859698946,103.733156566858
DAZHONG PRIMARY SCHOOL,35 BUKIT BATOK STREET 31   ,659441,CO-ED SCHOOL,0,0,0,0.53,0.8,0.0,1.06,5.29,24,2,1,1,6,2,3,0,0,-0.701772363399332,Tier 4,13,1.3591797447277,103.74847210784
EAST SPRING PRIMARY SCHOOL,31 TAMPINES ST 33   ,529258,CO-ED SCHOOL,0,0,0,0.37,0.13,0.01,0.42,0.39,25,2,3,0,4,1,5,0,0,-0.7098558585833467,Tier 4,13,1.35268400746357,103.961676849165
YUMIN PRIMARY SCHOOL,3 TAMPINES STREET 21   ,529393,CO-ED SCHOOL,0,0,0,0.34,0.09,0.0,0.08,0.44,23,2,3,0,3,2,4,0,0,-0.7286132440060124,Tier 4,12,1.35129177656981,103.950461927088
MERIDIAN PRIMARY SCHOOL,20 PASIR RIS ST 71   ,518798,CO-ED SCHOOL,0,0,0,0.27,0.24,0.0,0.15,0.1,23,2,4,1,4,1,4,0,0,-0.7287602617540397,Tier 4,14,1.37552831658484,103.934889078518
NEW TOWN PRIMARY SCHOOL,300 Tanglin Halt Road   ,148812,CO-ED SCHOOL,0,0,0,0.22,0.06,0.0,0.13,0.24,31,2,3,0,4,2,5,0,0,-0.7319281287493353,Tier 4,14,1.29964188181021,103.80010216304
KRANJI PRIMARY SCHOOL,11 CHOA CHU KANG STREET 54   ,689189,CO-ED SCHOOL,0,0,0,0.44,0.54,0.0,0.23,0.19,22,2,3,0,2,1,2,0,0,-0.7340955435306789,Tier 4,8,1.39356050497104,103.747362720939
CANTONMENT PRIMARY SCHOOL,1 CANTONMENT CLOSE   ,88256,CO-ED SCHOOL,0,0,0,0.4,0.06,0.01,0.29,0.33,31,2,3,2,7,1,4,0,0,-0.7438952798733625,Tier 4,17,1.27547252623201,103.839962631748
BLANGAH RISE PRIMARY SCHOOL,91 TELOK BLANGAH HEIGHTS   ,109100,CO-ED SCHOOL,0,0,0,0.34,0.25,0.0,0.22,0.21,29,2,3,0,3,2,2,0,0,-0.7576415996808471,Tier 4,10,1.27612047924037,103.808628535239
CONCORD PRIMARY SCHOOL,3 CHOA CHU KANG AVE 4   ,689814,CO-ED SCHOOL,0,0,0,0.6,0.33,0.04,0.81,1.3,29,2,1,0,4,0,4,0,0,-0.781744808668197,Tier 4,9,1.38000806197242,103.736225440727
MARYMOUNT CONVENT SCHOOL,20 Marymount Road   ,297754,GIRLS' SCHOOL,0,0,0,0.16,0.05,0.13,0.27,0.67,27,2,4,0,6,1,3,0,0,-0.7854779092417996,Tier 4,14,1.34036676987375,103.840021064426
CHANGKAT PRIMARY SCHOOL,11 SIMEI ST 3   ,529896,CO-ED SCHOOL,0,0,0,0.29,0.1,0.01,0.3,0.14,29,2,3,1,4,1,4,0,0,-0.7885156286284095,Tier 4,13,1.34023163951633,103.952080114035
AHMAD IBRAHIM PRIMARY SCHOOL,10 YISHUN STREET 11   ,768643,CO-ED SCHOOL,0,0,0,0.3,0.06,0.0,0.18,0.17,21,2,3,1,4,1,4,0,0,-0.7923423001311012,Tier 4,13,1.43315271543517,103.832942401086
SI LING PRIMARY SCHOOL,61 WOODLANDS AVENUE 1   ,739067,CO-ED SCHOOL,0,0,0,0.38,0.16,0.0,0.23,0.06,33,2,3,1,4,1,3,0,0,-0.8000201277163254,Tier 4,12,1.43240935732525,103.786035065192
PALM VIEW PRIMARY SCHOOL,150 Compassvale Bow   ,544822,CO-ED SCHOOL,0,0,0,0.5,0.06,0.01,0.51,0.86,28,2,4,1,5,0,3,0,0,-0.8070133391155452,Tier 4,13,1.38376923022123,103.891354675017
TECK WHYE PRIMARY SCHOOL,11 TECK WHYE WALK   ,688261,CO-ED SCHOOL,0,0,0,0.32,0.15,0.01,0.15,0.27,29,2,4,1,5,1,2,0,0,-0.8118356582008237,Tier 4,13,1.38364996834457,103.753291857016
EDGEFIELD PRIMARY SCHOOL,41 EDGEFIELD PLAINS   ,828869,CO-ED SCHOOL,0,0,0,0.4,0.08,0.0,0.29,0.36,32,2,3,0,4,1,3,0,0,-0.8159583420977761,Tier 4,11,1.40009139510996,103.907847599114
ZHONGHUA PRIMARY SCHOOL,12 SERANGOON AVENUE 4   ,556095,CO-ED SCHOOL,0,0,0,0.29,0.07,0.01,0.1,0.28,23,2,3,0,3,1,4,0,0,-0.8161201140685327,Tier 4,11,1.36020329705047,103.869762438084
PIONEER PRIMARY SCHOOL,80 TENGAH GARDEN AVENUE   ,699915,CO-ED SCHOOL,0,0,0,0.0,0.04,0.05,0.58,0.52,33,2,4,1,4,2,2,0,0,-0.8307454729371119,Tier 4,13,1.33902264667589,103.687769623983
BENDEMEER PRIMARY SCHOOL,91 BENDEMEER ROAD   ,339948,CO-ED SCHOOL,0,0,0,0.33,0.17,0.01,0.27,0.44,30,2,2,0,6,0,5,0,0,-0.837485985413177,Tier 4,13,1.32181250780475,103.865404167629
NORTHOAKS PRIMARY SCHOOL,61 Sembawang Drive   ,757622,CO-ED SCHOOL,0,0,0,0.19,0.07,0.0,0.09,0.06,29,2,3,0,4,0,3,0,0,-0.9639681475473136,Tier 4,10,1.45660782030102,103.814196981329
